"filename", "language", "CMake", "JSON", "TypeScript", "Makefile", "CMake Cache", "Python", "C++", "YAML", "C", "Markdown", "comment", "blank", "total"
"/home/fenn/Desktop/Vulpine/CMakeCache.txt", "CMake Cache", 0, 0, 0, 0, 502, 0, 0, 0, 0, 0, 0, 96, 598
"/home/fenn/Desktop/Vulpine/CMakeFiles/4.3.0/CMakeCCompiler.cmake", "CMake", 68, 0, 0, 0, 0, 0, 0, 0, 0, 0, 0, 18, 86
"/home/fenn/Desktop/Vulpine/CMakeFiles/4.3.0/CMakeCXXCompiler.cmake", "CMake", 82, 0, 0, 0, 0, 0, 0, 0, 0, 0, 0, 21, 103
"/home/fenn/Desktop/Vulpine/CMakeFiles/4.3.0/CMakeSystem.cmake", "CMake", 10, 0, 0, 0, 0, 0, 0, 0, 0, 0, 0, 6, 16
"/home/fenn/Desktop/Vulpine/CMakeFiles/4.3.0/CompilerIdC/CMakeCCompilerId.c", "C", 0, 0, 0, 0, 0, 0, 0, 0, 711, 0, 62, 162, 935
"/home/fenn/Desktop/Vulpine/CMakeFiles/4.3.0/CompilerIdCXX/CMakeCXXCompilerId.cpp", "C++", 0, 0, 0, 0, 0, 0, 729, 0, 0, 0, 63, 158, 950
"/home/fenn/Desktop/Vulpine/CMakeFiles/CMakeConfigureLog.yaml", "YAML", 0, 0, 0, 0, 0, 0, 0, 3096, 0, 0, 4, 28, 3128
"/home/fenn/Desktop/Vulpine/CMakeFiles/CMakeDirectoryInformation.cmake", "CMake", 12, 0, 0, 0, 0, 0, 0, 0, 0, 0, 0, 5, 17
"/home/fenn/Desktop/Vulpine/CMakeFiles/InstallScripts.json", "JSON", 0, 8, 0, 0, 0, 0, 0, 0, 0, 0, 0, 1, 9
"/home/fenn/Desktop/Vulpine/CMakeFiles/Makefile.cmake", "CMake", 76, 0, 0, 0, 0, 0, 0, 0, 0, 0, 0, 6, 82
"/home/fenn/Desktop/Vulpine/CMakeFiles/acc_gen.dir/DependInfo.cmake", "CMake", 16, 0, 0, 0, 0, 0, 0, 0, 0, 0, 0, 7, 23
"/home/fenn/Desktop/Vulpine/CMakeFiles/acc_gen.dir/cmake_clean.cmake", "CMake", 4, 0, 0, 0, 0, 0, 0, 0, 0, 0, 0, 2, 6
"/home/fenn/Desktop/Vulpine/CMakeFiles/acc_gen.dir/compiler_depend.ts", "TypeScript", 0, 0, 2, 0, 0, 0, 0, 0, 0, 0, 0, 1, 3
"/home/fenn/Desktop/Vulpine/CMakeFiles/fennec.dir/DependInfo.cmake", "CMake", 21, 0, 0, 0, 0, 0, 0, 0, 0, 0, 0, 7, 28
"/home/fenn/Desktop/Vulpine/CMakeFiles/fennec.dir/cmake_clean.cmake", "CMake", 17, 0, 0, 0, 0, 0, 0, 0, 0, 0, 0, 2, 19
"/home/fenn/Desktop/Vulpine/CMakeFiles/fennec.dir/compiler_depend.ts", "TypeScript", 0, 0, 2, 0, 0, 0, 0, 0, 0, 0, 0, 1, 3
"/home/fenn/Desktop/Vulpine/CMakeFiles/intrinsics_gen.dir/DependInfo.cmake", "CMake", 16, 0, 0, 0, 0, 0, 0, 0, 0, 0, 0, 7, 23
"/home/fenn/Desktop/Vulpine/CMakeFiles/intrinsics_gen.dir/cmake_clean.cmake", "CMake", 4, 0, 0, 0, 0, 0, 0, 0, 0, 0, 0, 2, 6
"/home/fenn/Desktop/Vulpine/CMakeFiles/intrinsics_gen.dir/compiler_depend.ts", "TypeScript", 0, 0, 2, 0, 0, 0, 0, 0, 0, 0, 0, 1, 3
"/home/fenn/Desktop/Vulpine/CMakeFiles/omp_gen.dir/DependInfo.cmake", "CMake", 16, 0, 0, 0, 0, 0, 0, 0, 0, 0, 0, 7, 23
"/home/fenn/Desktop/Vulpine/CMakeFiles/omp_gen.dir/cmake_clean.cmake", "CMake", 4, 0, 0, 0, 0, 0, 0, 0, 0, 0, 0, 2, 6
"/home/fenn/Desktop/Vulpine/CMakeFiles/omp_gen.dir/compiler_depend.ts", "TypeScript", 0, 0, 2, 0, 0, 0, 0, 0, 0, 0, 0, 1, 3
"/home/fenn/Desktop/Vulpine/CMakeFiles/target_parser_gen.dir/DependInfo.cmake", "CMake", 16, 0, 0, 0, 0, 0, 0, 0, 0, 0, 0, 7, 23
"/home/fenn/Desktop/Vulpine/CMakeFiles/target_parser_gen.dir/cmake_clean.cmake", "CMake", 4, 0, 0, 0, 0, 0, 0, 0, 0, 0, 0, 2, 6
"/home/fenn/Desktop/Vulpine/CMakeFiles/target_parser_gen.dir/compiler_depend.ts", "TypeScript", 0, 0, 2, 0, 0, 0, 0, 0, 0, 0, 0, 1, 3
"/home/fenn/Desktop/Vulpine/CMakeFiles/vt_gen.dir/DependInfo.cmake", "CMake", 16, 0, 0, 0, 0, 0, 0, 0, 0, 0, 0, 7, 23
"/home/fenn/Desktop/Vulpine/CMakeFiles/vt_gen.dir/cmake_clean.cmake", "CMake", 4, 0, 0, 0, 0, 0, 0, 0, 0, 0, 0, 2, 6
"/home/fenn/Desktop/Vulpine/CMakeFiles/vt_gen.dir/compiler_depend.ts", "TypeScript", 0, 0, 2, 0, 0, 0, 0, 0, 0, 0, 0, 1, 3
"/home/fenn/Desktop/Vulpine/CMakePresets.json", "JSON", 0, 38, 0, 0, 0, 0, 0, 0, 0, 0, 0, 0, 38
"/home/fenn/Desktop/Vulpine/Dependencies/SysMacro/CMakeFiles/CMakeDirectoryInformation.cmake", "CMake", 12, 0, 0, 0, 0, 0, 0, 0, 0, 0, 0, 5, 17
"/home/fenn/Desktop/Vulpine/Dependencies/SysMacro/Makefile", "Makefile", 0, 0, 0, 103, 0, 0, 0, 0, 0, 0, 0, 38, 141
"/home/fenn/Desktop/Vulpine/Dependencies/SysMacro/README.md", "Markdown", 0, 0, 0, 0, 0, 0, 0, 0, 0, 75, 0, 29, 104
"/home/fenn/Desktop/Vulpine/Dependencies/SysMacro/cmake_install.cmake", "CMake", 43, 0, 0, 0, 0, 0, 0, 0, 0, 0, 0, 8, 51
"/home/fenn/Desktop/Vulpine/Dependencies/SysMacro/include/ARCH_Macro.hpp", "C++", 0, 0, 0, 0, 0, 0, 168, 0, 0, 0, 1, 10, 179
"/home/fenn/Desktop/Vulpine/Dependencies/SysMacro/include/OS_Macro.hpp", "C++", 0, 0, 0, 0, 0, 0, 65, 0, 0, 0, 1, 11, 77
"/home/fenn/Desktop/Vulpine/Dependencies/SysMacro/include/sysmacro.hpp", "C++", 0, 0, 0, 0, 0, 0, 5, 0, 0, 0, 0, 4, 9
"/home/fenn/Desktop/Vulpine/Dependencies/SysMacro/tests/verify.cpp", "C++", 0, 0, 0, 0, 0, 0, 10, 0, 0, 0, 0, 2, 12
"/home/fenn/Desktop/Vulpine/Makefile", "Makefile", 0, 0, 0, 253, 0, 0, 0, 0, 0, 0, 0, 80, 333
"/home/fenn/Desktop/Vulpine/cmake_install.cmake", "CMake", 62, 0, 0, 0, 0, 0, 0, 0, 0, 0, 0, 10, 72
"/home/fenn/Desktop/Vulpine/compile_commands.json", "JSON", 0, 26, 0, 0, 0, 0, 0, 0, 0, 0, 0, 1, 27
"/home/fenn/Desktop/Vulpine/extensions/VulpineToolkit/vsc/language-configuration.json", "JSON", 0, 0, 0, 0, 0, 0, 0, 0, 0, 0, 0, 1, 1
"/home/fenn/Desktop/Vulpine/extensions/VulpineToolkit/vsc/package.json", "JSON", 0, 87, 0, 0, 0, 0, 0, 0, 0, 0, 0, 0, 87
"/home/fenn/Desktop/Vulpine/extensions/VulpineToolkit/vsc/syntaxes/vulpine.tmLanguage.json", "JSON", 0, 0, 0, 0, 0, 0, 0, 0, 0, 0, 0, 1, 1
"/home/fenn/Desktop/Vulpine/extensions/VulpineToolkit/vsc/themes/vulpine-theme.json", "JSON", 0, 0, 0, 0, 0, 0, 0, 0, 0, 0, 0, 1, 1
"/home/fenn/Desktop/Vulpine/extensions/VulpineToolkit/vsix/package.json", "JSON", 0, 1, 0, 0, 0, 0, 0, 0, 0, 0, 0, 0, 1
"/home/fenn/Desktop/Vulpine/fennec/JsonRPC/JsonRPC.hpp", "C++", 0, 0, 0, 0, 0, 0, 216, 0, 0, 0, 0, 42, 258
"/home/fenn/Desktop/Vulpine/fennec/includes/AST.hpp", "C++", 0, 0, 0, 0, 0, 0, 254, 0, 0, 0, 14, 52, 320
"/home/fenn/Desktop/Vulpine/fennec/includes/VulpineSettings.hpp", "C++", 0, 0, 0, 0, 0, 0, 43, 0, 0, 0, 0, 8, 51
"/home/fenn/Desktop/Vulpine/fennec/includes/emitter.hpp", "C++", 0, 0, 0, 0, 0, 0, 34, 0, 0, 0, 4, 13, 51
"/home/fenn/Desktop/Vulpine/fennec/includes/fennec.hpp", "C++", 0, 0, 0, 0, 0, 0, 16, 0, 0, 0, 0, 4, 20
"/home/fenn/Desktop/Vulpine/fennec/includes/lexer.hpp", "C++", 0, 0, 0, 0, 0, 0, 16, 0, 0, 0, 0, 4, 20
"/home/fenn/Desktop/Vulpine/fennec/includes/lexicon.hpp", "C++", 0, 0, 0, 0, 0, 0, 288, 0, 0, 0, 0, 33, 321
"/home/fenn/Desktop/Vulpine/fennec/includes/parser.hpp", "C++", 0, 0, 0, 0, 0, 0, 67, 0, 0, 0, 9, 19, 95
"/home/fenn/Desktop/Vulpine/fennec/includes/tokens.hpp", "C++", 0, 0, 0, 0, 0, 0, 11, 0, 0, 0, 0, 3, 14
"/home/fenn/Desktop/Vulpine/fennec/src/emitter.cpp", "C++", 0, 0, 0, 0, 0, 0, 608, 0, 0, 0, 6, 111, 725
"/home/fenn/Desktop/Vulpine/fennec/src/lexer.cpp", "C++", 0, 0, 0, 0, 0, 0, 153, 0, 0, 0, 10, 24, 187
"/home/fenn/Desktop/Vulpine/fennec/src/parser.cpp", "C++", 0, 0, 0, 0, 0, 0, 696, 0, 0, 0, 15, 125, 836
"/home/fenn/Desktop/Vulpine/src/main.cpp", "C++", 0, 0, 0, 0, 0, 0, 299, 0, 0, 0, 2, 42, 343
"/home/fenn/Desktop/Vulpine/test/run_test.py", "Python", 0, 0, 0, 0, 0, 48, 0, 0, 0, 0, 7, 11, 66
"Total", "-", 503, 160, 12, 356, 502, 48, 3678, 3096, 711, 75, 198, 1253, 10592